target,target_year,achieved,total_customers_required,customers_by_segment,s_curve_parameters
$30.00M annual revenue,5,31032141.909816667,353,"{'Enterprise': np.int64(84), 'Mid-Market': np.int64(98), 'SMB': np.int64(171)}","{'Enterprise': {1: np.float64(1.7696166765824959), 2: np.float64(1.5926550089242464), 3: np.float64(1.4156933412659969), 4: np.float64(1.238731673607747), 5: np.float64(1.0617700059494974), 6: np.float64(0.8848083382912479)}, 'Mid-Market': {1: np.float64(1.6221486202006214), 2: np.float64(1.4599337581805594), 3: np.float64(1.2977188961604973), 4: np.float64(1.135504034140435), 5: np.float64(0.9732891721203728), 6: np.float64(0.8110743101003107)}, 'SMB': {1: np.float64(1.327212507436872), 2: np.float64(1.1944912566931847), 3: np.float64(1.0617700059494977), 4: np.float64(0.9290487552058103), 5: np.float64(0.7963275044621231), 6: np.float64(0.663606253718436)}}"
