year,annual_revenue,annual_expenses,annual_ebitda,annual_gross_profit,annual_cogs,annual_dev_total,annual_sales_total,annual_ops_total,annual_ga_total,year_end_customers,year_end_headcount_total,year_end_headcount_dev,year_end_headcount_sales,year_end_headcount_ops,year_end_headcount_ga,year_end_cash_balance,gross_margin_percent,ebitda_margin_percent
2025,285000.0,4773275.000000001,-4488275.000000001,199500.0,85500.0,1983374.9999999998,1195500.0,617400.0,891500.0,5.0,33.0,13.0,9.0,6.0,5.0,-2488275.0,70.0,-1574.8333333333337
2026,342000.0,9637628.75,-9295628.75,246240.0,95760.00000000001,4007768.75,2552850.0,1226775.0,1754475.0,5.0,64.0,25.0,19.0,11.0,9.0,-11783903.749999998,72.0,-2718.0201023391814
2027,410400.0,16747964.140625002,-16337564.140625002,307800.0,102600.0,7227941.703125,4588849.125,2209320.0,2619253.3125,5.0,108.0,43.0,33.0,19.0,13.0,-28121467.890624996,75.0,-3980.8879484953704
2028,492480.0,25621228.39625,-25128748.39625,384134.4,108345.6,11191865.34875,7404651.855000001,3352654.8000000007,3563710.7925,5.0,157.0,62.0,51.0,27.0,17.0,-53250216.286874995,78.0,-5102.491146087151
2029,590976.0,38512041.340875,-37921065.340875,460961.28,130014.71999999999,16800661.322250005,11807610.63075,5045229.88875,4728524.779125,5.0,226.0,89.0,77.0,39.0,21.0,-91171281.62774998,78.0,-6416.684491565647
2030,709171.2,57709045.28546562,-56999874.08546562,553153.5360000001,156017.664,25191501.465415623,18421338.271275003,7356685.193999999,6583502.690775,5.0,325.0,127.0,115.0,54.0,29.0,-148171155.71321562,78.00000000000001,-8037.533685161725
