year,year_end_headcount,total_compensation,total_cogs,total_marketing_expenses,total_sales_expenses,total_r_and_d_expenses,total_g_and_a_expenses,total_operating_expenses,total_expenses
1,13,270000.0,207125.0,828500.0,289975.0,269262.5,564000.0,2971737.5,3178862.5
2,19,415800.0,691223.75,2543703.4000000004,967713.25,898590.875,708000.0,5533807.525,6225031.275
3,26,601303.5,1305155.0125000002,4437527.0424999995,1827217.0175,1696701.5162499999,876000.0,9438749.07625,10743904.088750001
4,33,804317.8500000003,2069959.321541667,6623869.828933335,2897943.050158333,2690947.118004167,1044000.0,14061077.847095832,16131037.168637503
5,40,1026130.3762500004,3103214.190981667,9309642.572945,4344499.867374334,4034178.448276167,1212000.0,19926451.2648455,23029665.45582717
6,47,1268113.3605,4433573.641000992,12414006.194802778,6207003.097401389,5763645.73330129,1380000.0,27032768.386005457,31466342.027006447
