year,year_end_headcount,total_compensation,total_cogs,total_marketing_expenses,total_sales_expenses,total_r_and_d_expenses,total_g_and_a_expenses,total_operating_expenses,total_expenses
1,42,9910200.0,1682625.0,1490325.0,490365.0,1153800.0,1006800.0,14171490.0,15854115.0
2,65,15951936.0,4436775.0,3615337.8,1293003.0,3042360.0,1269000.0,25381636.8,29818411.8
3,88,22532972.80000001,8472275.0,6378412.75,2469063.0,5809560.0,1531200.0,38821208.550000004,47293483.550000004
4,111,29614969.4464,14368375.0,10181020.0,4187355.0,9852600.0,1793400.0,56129344.4464,70497719.4464
5,133,36916758.634496,22037925.0,14639478.75,6422481.0,15111720.0,2044200.0,75384638.38449602,97422563.38449602
6,148,42816448.941260815,31021200.0,19233144.0,9040464.0,21271680.0,2215200.0,94576936.94126078,125598136.94126078
