Year,Headcount,Compensation,COGS,Marketing,Sales,R&D,G&A,OpEx,Total_Expenses
1,30,8066800.000000004,647325.0,924750.0,258930.0,702810.0,1980000.0,13183290.000000004,13830615.000000004
2,51,14520240.0,2459434.25,3232399.3,983773.6999999998,2670242.9000000004,2610000.0,26166655.899999995,28626090.149999995
3,79,23608935.0,5195366.225,6308658.9875,2078146.49,5640683.329999999,3450000.0,41786423.8075,46981790.032500006
4,109,34287000.3,9417827.000225002,10763230.857400004,3767130.800090001,10225069.31453,4350000.0,65692431.27202,75110258.272245
5,140,46350170.52750001,15386216.597211342,16485232.068440724,6154486.638884537,16705035.162686598,5280000.0,91974924.39751187,107361140.99472322
6,168,58524146.30475003,22858578.53902457,22858578.539024565,9143431.41560983,24817885.27094096,6120000.0,121464041.53032538,144322620.06934994
