Strategy,Year 6 ARR ($M),Year 6 Customers,Total Enterprise Customers Y6,Total Mid-Market Customers Y6,Total SMB Customers Y6,Breakeven Month,Minimum Cash ($M),Year 6 EBITDA ($M)
Baseline,107.85242506183852,2685.0,337.0,766.0,1582.0,,-281.48362469356437,-88.3716798183545
Enterprise First,151.59297030935574,4455.0,396.0,1061.0,2998.0,,-312.42321420561876,-97.9945997728083
Accelerated,106.67689801771114,2578.0,306.0,690.0,1582.0,,-295.77828019809016,-88.11306386864648
