Year,Revenue,COGS,OpEx,EBITDA,EBITDA_Margin,Year_End_Capital
1,4807500.0,1682625.0,14171490.0,-11046615.0,-2.2977878315132605,9863520.0
2,12676500.0,4436775.0,25381636.8,-17141911.8,-1.3522590462667141,-7278391.799999999
3,24206500.0,8472275.0,38821208.550000004,-23086983.550000004,-0.9537514118108774,-30365375.35000001
4,41052500.0,14368375.0,56129344.4464,-29445219.4464,-0.7172576443919372,-59810594.796399996
5,62965500.0,22037925.0,75384638.38449602,-34457063.38449602,-0.5472371915492773,-94267658.18089603
6,88632000.0,31021200.0,94576936.94126078,-36966136.941260785,-0.4170743855634622,-131233795.12215678
