Year,Revenue,COGS,OpEx,EBITDA,EBITDA_Margin,Year_End_Capital
1,2071250.0,207125.0,2971737.5,-1107612.5,-0.5347555823777912,18954891.666666668
2,6912237.5,691223.75,5533807.525,687206.2249999996,0.09941878082169481,19642097.89166667
3,13051550.125,1305155.0125000002,9438749.07625,2307646.036250001,0.17681011176057532,21949743.927916665
4,20699593.21541667,2069959.321541667,14061077.847095832,4568556.046779171,0.22070752788400672,26518299.97469583
5,31032141.909816667,3103214.190981667,19926451.2648455,8002476.453989498,0.2578770256093088,34520776.42868533
6,44335736.41000991,4433573.641000992,27032768.386005457,12869394.383003462,0.2902713572633446,47390170.811688796
