Year,Revenue,COGS,OpEx,EBITDA,EBITDA_Margin,Year_End_Capital
1,2869500.0,0.0,3037710.0,-168210.0,-0.05861996863565081,19933220.0
2,10906500.0,0.0,8277144.8,2629355.2,0.24108148351900244,22562575.200000007
3,22580500.0,0.0,15182687.789999997,7397812.210000003,0.32761950399681156,29960387.410000015
4,39594500.0,0.0,24629652.913600005,14964847.086399995,0.3779526723762137,44925234.496400036
5,61615500.0,0.0,36138880.821424,25476619.178576,0.4134774395821831,70401853.674976
6,87378000.0,0.0,48865567.91881217,38512432.08118783,0.440756621588819,108914285.75616391
