Year,Revenue,COGS,OpEx,EBITDA,EBITDA_Margin,Year_End_Capital
1,1849500.0,647325.0,13183290.000000004,-11981115.000000004,-6.478029197080294,-11132411.666666672
2,7026955.0,2459434.25,26166655.899999995,-21599135.149999995,-3.0737545850229573,-32731546.816666666
3,14843903.5,5195366.225,41786423.8075,-32137886.5325,-2.165056282702188,-64869433.34916665
4,26908077.1435,9417827.000225002,65692431.27202,-48202181.128745,-1.7913647590529844,-113071614.47791165
5,43960618.84917526,15386216.597211342,91974924.39751187,-63400522.145547956,-1.4422117751132935,-176472136.62345958
6,65310224.39721306,22858578.53902457,121464041.53032538,-79012395.6721369,-1.2098013197993016,-255484532.29559645
