,Revenue ($M),Customers,Headcount,Total Expenses ($M),EBITDA ($M),EBITDA Margin (%),Capital Position ($M),CAC ($),LTV ($),LTV/CAC Ratio,Rule of 40 Score
Year 1,0.771,250,42,15.854115,-11.046615,-229.77878315132605,9.86352,11318.228571428572,160368.0,14.169001711524771,-229.77878315132605
Year 2,1.6185,493,65,29.8184118,-17.1419118,-135.2259046266714,-7.278391799999999,17783.843478260867,170713.9959432049,9.599387002696423,-25.30372563834453
Year 3,2.8555,862,88,47.29348355,-23.086983550000003,-95.37514118108774,-30.365375350000008,20480.267939814814,172257.54060324826,8.410902684938497,-18.946349089645054
Year 4,4.5785,1376,111,70.4977194464,-29.445219446400003,-71.72576443919371,-59.810594796400004,22916.068580542265,173024.70930232562,7.550366184941454,-11.386069114381954
Year 5,6.5765,1998,133,97.42256338449602,-34.45706338449602,-54.72371915492773,-94.26765818089605,26163.925155279503,171160.16016016016,6.541838013384719,-11.084972840632659
Year 6,8.963,2716,148,125.59813694126079,-36.966136941260785,-41.70743855634622,-131.23379512215678,28530.381432896065,171603.8291605302,6.014775146422255,-5.419139309026221
