,Revenue ($M),EBITDA ($M),EBITDA Margin (%),Customers,Headcount,CAC ($),LTV ($),LTV/CAC Ratio,Rule of 40 Score,Capital Position ($M)
Year 1,4.8075,-11.046615,-229.77878315132605,250,42,5000,100000,20.0,-229.77878315132605,9.86352
Year 2,12.6765,-17.1419118,-135.22590462667142,493,65,6000,120000,20.0,28.45584264321934,-7.278391799999999
Year 3,24.2065,-23.086983550000003,-95.37514118108774,862,88,7000,140000,20.0,-4.419435741889231,-30.365375350000008
Year 4,41.0525,-29.445219446400003,-71.72576443919371,1376,111,7500,150000,20.0,-2.1328864931874705,-59.810594796400004
Year 5,62.9655,-34.45706338449602,-54.72371915492773,1998,133,8000,160000,20.0,-1.3457275588008244,-94.26765818089605
Year 6,88.632,-36.966136941260785,-41.70743855634622,2716,148,8500,170000,20.0,-0.9446398808810912,-131.23379512215678
