Year,CAC,LTV,LTV_CAC_Ratio,ARPU,Gross_Margin
1,4887.3022116635575,,,49986.5417638125,1.0
2,22812.684242011495,535600.5354227262,23.478190016603673,40912.26327448684,1.0
3,34001.506028470176,442041.43563235644,13.000642832180018,40447.12654058175,1.0
4,46727.12752762279,397248.03013439965,8.501443404574058,40312.87573191277,1.0
5,46074.23085753475,362715.56098325603,7.872417059002068,39941.56292238876,1.0
6,42276.037706253024,356270.96781617135,8.427255418108295,39558.76775271819,1.0
