Year,CAC,LTV,LTV_CAC_Ratio,ARPU,Gross_Margin
1,26922.35119047619,,,102787.20471229542,0.9
2,75829.80861775186,,,109928.83670454174,0.9
3,197232.39051639053,3109712.8134447117,15.766745032613121,103144.67439123709,0.9
4,195268.7926751145,1859548.8910505157,9.523021398224177,98384.83214967519,0.9
5,467577.4523955746,1604951.0473631506,3.4324816971827548,103380.599927806,0.9
6,618820.4136564202,1714246.9075768853,2.7701848060375474,118426.58818223474,0.8999999999999999
