Year,CAC,LTV,LTV_CAC_Ratio,ARPU,Gross_Margin
1,11924.072607015201,339028.89231115184,28.432306937790155,34388.14211717795,0.65
2,34188.07637213893,281487.39088310517,8.23349602414306,38816.220949722985,0.65
3,46006.07538576208,263841.93841936,5.7349368796846685,39766.9513861343,0.65
4,61340.85360684869,253858.11454806058,4.138483565538732,40076.36430091927,0.65
5,60155.631825026765,232870.89664351454,3.871140399968876,39884.859818037075,0.65
6,55417.391620424714,229050.09381376943,4.1331807058445245,39571.29749346477,0.65
