Year,CAC,LTV,LTV_CAC_Ratio,ARPU,Gross_Margin
1,10263.372376266245,,,53232.604115672984,0.65
2,49802.236277486634,411188.96370882675,8.256435743523166,43586.16679221985,0.65
3,79814.33131068351,327568.8582686914,4.104135847403194,44228.77736478096,0.65
4,96093.03310530534,301893.22960550495,3.1416765591598055,45296.813144409876,0.65
5,115237.44086673351,296898.55693928845,2.5764070661950673,46955.535539495526,0.6499999999999999
6,108100.96149645786,306719.6334657069,2.837344175479486,48745.287461836786,0.65
