year,total_ending_customers,total_ending_arr,total_new_customers,total_churned_customers,total_arr_growth_rate
1,109,4602000.0,104,0,11.370967741935484
2,263,11335380.0,166,12,1.4631421121251629
3,489,21222727.200000003,258,32,0.8722554691593933
4,809,36595318.080000006,380,60,0.7243456854121935
5,1191,55656830.569110766,482,100,0.5208729829165828
6,1628,79543893.52954215,591,154,0.4291847508414999
