year,total_ending_customers,total_ending_arr,total_new_customers,total_churned_customers,total_arr_growth_rate
1,250,9252000.0,175,0,3.0051948051948054
2,493,19422000.0,276,33,1.0992217898832686
3,862,34266000.0,432,63,0.7642879209144269
4,1376,54942000.0,627,113,0.6033969532481176
5,1998,78918000.0,805,183,0.43638746314295074
6,2716,107556000.0,991,273,0.3628829924732
