year,total_ending_customers,total_ending_arr,total_new_customers,total_churned_customers,total_arr_growth_rate
1,180,7314000.0,175,0,18.661290322580644
2,435,17700000.0,276,21,1.4200164068908943
3,812,32640000.0,432,55,0.8440677966101695
4,1334,53484000.0,627,105,0.6386029411764707
5,1963,77616000.0,805,176,0.45120035898586486
6,2685,106302000.0,991,269,0.3695887445887447
