year,total_ending_customers,total_ending_arr,total_new_customers,total_churned_customers,total_arr_growth_rate
1,41,4735000.0,37,0,11.972602739726028
2,99,10364400.0,58,0,1.1888912354804648
3,181,17128873.5,86,4,0.6526642642121108
4,273,26539099.015,103,11,0.5493779561744092
5,353,37789180.439950004,98,18,0.42390592908189584
6,411,53794389.1628255,85,27,0.4235394506189156
