Year,Customers,ARR,Growth_Rate,New_Customers,Churned_Customers
1,180,7314000.0,18.661290322580644,175,0
2,435,17700000.0,1.4200164068908943,276,21
3,812,32640000.0,0.8440677966101695,432,55
4,1334,53484000.0,0.6386029411764707,627,105
5,1963,77616000.0,0.45120035898586486,805,176
6,2685,106302000.0,0.3695887445887447,991,269
