Year,Customers,ARR,Growth_Rate,New_Customers,Churned_Customers
1,109,4602000.0,11.370967741935484,104,0
2,263,11335380.0,1.4631421121251629,166,12
3,489,21222727.200000003,0.8722554691593933,258,32
4,809,36595318.080000006,0.7243456854121935,380,60
5,1191,55656830.569110766,0.5208729829165828,482,100
6,1628,79543893.52954215,0.4291847508414999,591,154
