Year,Customers,ARR,Growth_Rate,New_Customers,Churned_Customers
1,250,9252000.0,3.0051948051948054,175,0
2,493,19422000.0,1.0992217898832686,276,33
3,862,34266000.0,0.7642879209144269,432,63
4,1376,54942000.0,0.6033969532481176,627,113
5,1998,78918000.0,0.43638746314295074,805,183
6,2716,107556000.0,0.3628829924732,991,273
