Year,Customers,ARR,Growth_Rate,New_Customers,Churned_Customers
1,41,4735000.0,11.972602739726028,37,0
2,99,10364400.0,1.1888912354804648,58,0
3,181,17128873.5,0.6526642642121108,86,4
4,273,26539099.015,0.5493779561744092,103,11
5,353,37789180.439950004,0.42390592908189584,98,18
6,411,53794389.1628255,0.4235394506189156,85,27
