Scenario,Year 6 ARR,Year 6 Customers,Year 6 EBITDA,Breakeven Month,5x Revenue Valuation
Baseline,107.85242506183852,2685.0,-88.3716798183545,,539.2621253091927
Conservative,76.32425045395354,1892.0,-81.43548140461981,,381.62125226976764
Aggressive,160.13891570832925,4010.0,-99.87470776058248,,800.6945785416463
Hypergrowth,266.10540846416797,6675.0,-123.18733616686696,,1330.5270423208399
